User,Handle,PostDate,TweetText,ReplyCount,RetweetCount,LikeCount
"Stephan Pilsinger, MdB",@StephPilsinger,2021-05-22T07:26:26.000Z,Der pauschale Ausschuss von Homo u. Bisexuellen Männern als Blutspender ist nicht mehr sachgemäß und stellt eine ungerechtfertigte Diskriminierung dar. Zukünftig muss das individuelle Risikoverhalten sowohl bei Homosexuellen als auch bei Heterosexuellen entscheidend sein.,6,12,66
Florian Hahn,@hahnflo,2021-05-19T22:24:22.000Z,"Ich mag mir nicht vorstellen, wie das (mediale) Echo gewesen wäre, hätten Armin Laschet oder Markus Söder über 37.000 € Sonderzahlungen während Corona-Zeiten erhalten und sie „versehentlich“ nicht transparent gemacht. #BaerbockFail",97,269,2.2K
"Stephan Pilsinger, MdB",@StephPilsinger,2021-04-23T09:32:40.000Z,"2/2 Pflegekräfte, Ärzte und die über 80.000 Corona Tote in DE und deren Angehörigen werden hier verhöhnt. #allesdichtmachen #nichtganzdichtDieter Janecek
@DJanecek
 · Apr 22
Ich verstehe die Beiträge von @JanJosefLiefers @heike_makatsch u.a. als Satire und Kritik an der Corona-Diskurskultur in Deutschland. Muss man aushalten können. Die harschen Reaktionen hier auf Twitter zeigen, dass sie einen Nerv getroffen haben. #allesdichtmachen",5,,5
"Stephan Pilsinger, MdB",@StephPilsinger,2021-04-23T09:31:56.000Z,"1/2 Das ist kein Satire mehr, sondern ein Schlag ins Gesicht aller Menschen, die tagtäglich gegen die Corona Pandemie kämpfen! #allesdichtmachen #nichtganzdichtDieter Janecek
@DJanecek
 · Apr 22
Ich verstehe die Beiträge von @JanJosefLiefers @heike_makatsch u.a. als Satire und Kritik an der Corona-Diskurskultur in Deutschland. Muss man aushalten können. Die harschen Reaktionen hier auf Twitter zeigen, dass sie einen Nerv getroffen haben. #allesdichtmachen",5,,8
phoenix,@phoenix_de,2021-04-21T13:59:16.000Z,".
@StephPilsinger
, 
@cducsubt
, ist durch seine Erfahrungen auf der #Palliativstation davon überzeugt, dass man geeignete Alternativen zur #Sterbehilfe brauche. Er will den Wert des Lebens bewusst machen und Alternativen zur #SelbstTötung aufzeigen.  
@cdu
 @csu",7,6,12
"Stephan Pilsinger, MdB",@StephPilsinger,2021-02-10T21:30:15.000Z,"Meine Prognose: Dritte Welle kommt wg. heute beschlossener Teilöffnung und Mutationen Mitte März.

#lockdownverlaengerung #CoronaGipfel #Lockerungen #coronavirus #mutationen",8,7,15
phoenix,@phoenix_de,2021-01-13T14:15:29.000Z,"Wie schafft man es, Akzeptanz für die #Pandemie-Maßnahmen der Bunderegierung zu erhalten? ""Die Menschen brauchen eine Perspektive für Normalität nach  #Corona"", so 
@StephPilsinger
 @cducsubt
. Die #Impfststrategie sei 1 Baustein, #Schnelltests 1 weiterer. 
@csu
 @erhardscherfer",12,5,2
"Stephan Pilsinger, MdB",@StephPilsinger,2020-01-16T16:15:50.000Z,"Für mich steht fest: Ich lasse mich nicht einschüchtern. Ich werde weiterhin für die #Demokratie und unseren #Rechtsstaat kämpfen!Stephan Pilsinger: Büro von Münchner Bundestagsabgeordnetem beschmiert
Unbekannte haben das Büro des Münchner Bundestagsabgeordneten Stephan Pilsinger beschmiert. Der Staatsschutz ermittelt.
abendzeitung-muenchen.de",16,11,49
"Stephan Pilsinger, MdB",@StephPilsinger,2020-01-16T11:19:04.000Z,"Wir haben in den letzten Monaten sachlich und parteiübergreifend über die #Organspende diskutiert, um die beste Lösung zu finden. Dies ist und bleibt eine Herzensangelegenheit für mich. Für die Unterstützung möchte ich mich bei Allen bedanken! #entscheidungslösung",2,4,16
phoenix,@phoenix_de,2020-01-16T10:22:55.000Z,"""Angehörige werden nur entlastet, wenn sich der Betroffene geäußert hat, ob er seine #Organe spenden möchte"", so 
@StephPilsinger
 @cducsubt
. Er plädiert für die #Entscheidungslösung bei der #Organspende. Dies käme der Selbstbestimmung am nächsten, sagte er bei 
@ErhardScherfer
.",1,4,7
"Stephan Pilsinger, MdB",@StephPilsinger,2020-01-15T16:32:57.000Z,#Organspende ist ein großer Akt der Nächstenliebe. Die Entscheidung dazu muss einem selbst überlassen sein und sollte nicht vom Staat kommen. Daher stimme ich morgen für die #Entscheidungslösung,2,4,15
Heribert Hirte,@HHirte,2020-01-14T11:34:32.000Z,1/ Wie geht es weiter mit der #Organspende? Der Deutsche Bundestag entscheidet am Donnerstag zwischen zwei Gesetzesentwürfen. Ich mache mich für unseren überfraktionellen Entwurf zur Stärkung der Entscheidungsbereitschaft stark. Warum? Ein ThreadKarin Maag and 9 others,3,6,16
Peter Dabrock,@just_ethics,2020-01-09T07:32:45.000Z,"#Organspende: Eine Woche vor #Abstimmung im #Bundestag nimmt mediale Debatte erneut Fahrt auf.
Wichtiger Beitrag von Ralph Hertwig 
@mpib_berlin
 in 
@FAZ_Wissen
 gestern:
#Widerspruchsregelung = sieht gut aus, verspricht aber nach breiter Datenlage nicht, was es hält.",2,6,15
Peter Dabrock,@just_ethics,2020-01-09T07:29:06.000Z,"#Organspende: Bedauerlich, wie Kollege 
@ethikjena
 in @fazfeulleiton gestern m. falschen Zahlen operiert. Entkräftung s. Behauptungen + ernüchterndes Zahlenmaterial in meiner Stellungnahme für #Bundestag
https://t1p.de/w7rv
+ in 
@faznet
 m. S. Augsberg https://t1p.de/je0e",1,13,19
"Stephan Pilsinger, MdB",@StephPilsinger,2019-11-27T14:05:27.000Z,"Zusammen mit 
@MunichNetwork
 spreche ich heute Abend im Rahmen des TecEve bei 
@EY_Germany
 München darüber, wie die #Digitalisierung des Gesundheitswesens dazu beitragen kann, dass der Patient stärker in den Mittelpunkt rückt. #eHealth",1,3,4
"Stephan Pilsinger, MdB",@StephPilsinger,2019-11-20T16:22:40.000Z,"Heute ist #DeutscherLebertag! #HepatitisC ist heilbar, kann unbehandelt aber tödlich enden. Um die #Erkrankung bis 2030 zu eliminieren, muss vor allem mehr aufgeklärt, getestet und behandelt werden. Wie das gelingen kann, habe ich mit Experten der #InitiativeproLeber diskutiert.",,2,5
"Stephan Pilsinger, MdB",@StephPilsinger,2019-11-15T08:19:46.000Z,"#Früherkennung von #strukturellenHerzerkrankungen rettet vor allem Leben, aber verbessert auch die #Lebensqualität älterer Menschen und verhindert deren #Pflegebedürftigkeit. Ob es mit dem Herz klappt, ist für den Einzelnen und unsere #Gesellschaft wichtig.",,2,4
Mike Schuster,@MikeSchuster_,2019-10-30T10:01:05.000Z,"Ein wichtiges Zeichen in diesen Tagen: 
@StephPilsinger
 fordert, die Leistung von Eltern mit behinderten Kindern stärker anzuerkennen. Dahinter die klare Botschaft: Behinderte Menschen sind in unserer Gesellschaft willkommen und eine Bereicherung. 
@CSUUnion will mehr Hilfe für Eltern behinderter Kinder
Höherer Rentenanspruch oder längere Elternzeit? Unionsabgeordnete wollen Eltern behinderter Kinder besser unterstützen. Doch konkret werden sie dabei nicht.
tagesspiegel.de",2,11,30
"Stephan Pilsinger, MdB",@StephPilsinger,2019-10-23T17:38:07.000Z,"Hier gilt für mich ganz klar der Grundsatz: die #Freiheit des Einzelnen endet dort, wo sie die #Freiheit des Anderen einschränkt! #MasernschutzgesetzAktuelle Nachrichten - Inland Ausland Wirtschaft Kultur Sport - ARD Tagesschau
tagesschau.de",3,4,18
Peter Dabrock,@just_ethics,2019-09-23T05:58:49.000Z,"#Organspende: Widerspruch zur #Widerspruchsregelung von 
@jensspahn
 @Karl_Lauterbach
 und anderen: Schwerer Schaden für die gute Sache der #Organtransplantation. Mein Kommentar heute im 
@Tagesspiegel
 (PD)",2,8,14
"Stephan Pilsinger, MdB",@StephPilsinger,2019-09-20T10:32:38.000Z,https://ardmediathek.de/ard/player/Y3JpZDovL2JyLmRlL3ZpZGVvLzU2MDEyZWRjLTc0MjYtNDE3Ny05NDc2LWRhYmFjNzgwMjM3OQ/…,,,2
Christian Bredl,@Krankenkasse,2019-09-20T08:29:41.000Z,"Heute bin ich beim Expertengespräch ""Gesundheitspolitik für Bayern"" mit MdB Stephan Pilsinger 
@StephPilsinger
 und MdL Bernhard Seidenath. ^CB",1,1,1
"Stephan Pilsinger, MdB",@StephPilsinger,2019-09-19T14:51:03.000Z,Bayerischer Rundfunk,,,1
Christian Bredl,@Krankenkasse,2019-09-16T09:06:34.000Z,"Mit Stephan Pilsinger, MdB und Arzt, bin ich einig: Die schlechten #Organspende-Zahlen in Deutschland sind auf Probleme im Prozess der Organspende zurückzuführen. Die Transplantationsbeauftragten in den Kliniken müssen gestärkt werden. 
@StephPilsinger
 ^CB",,1,4
"Stephan Pilsinger, MdB",@StephPilsinger,2019-08-26T08:38:27.000Z,"Auch Menschen mit einer Behinderung sind eine Bereicherung für unsere Gesellschaft. Deshalb habe ich gemeinsam mit Experten ein Papier geschrieben, wie man Familien mit behinderten Kindern unterstützen kann.  
Exklusiv in der 
@AbendzeitungCSU-Mann Stephan Pilsinger fordert: Eltern von behinderten Kindern mehr fördern!
Stephan Pilsinger (CSU aus München) will die Eltern minderjähriger behinderter Kinder stärker unterstützen. Er fordert deshalb, dass das Entlastungsgesetz nachgebessert wird.
abendzeitung-muenchen.de",,8,20
Abendzeitung,@Abendzeitung,2019-08-26T06:13:44.000Z,"Exklusiv in der AZ - CSU-Mann 
@StephPilsinger
 fordert: Eltern von behinderten Kindern mehr fördern!CSU-Mann Stephan Pilsinger fordert: Eltern von behinderten Kindern mehr fördern!
Stephan Pilsinger (CSU aus München) will die Eltern minderjähriger behinderter Kinder stärker unterstützen. Er fordert deshalb, dass das Entlastungsgesetz nachgebessert wird.
abendzeitung-muenchen.de",,1,3
phoenix,@phoenix_de,2019-06-26T14:27:52.000Z,"Stephan 
@StephPilsinger
 @CSU
 @cducsubt
, Mitglied im Gesundheitsausschuss, spricht sich aus ethischen Gründen gegen die #Widerspruchslösung bei der #Organspende aus.0:38
557 views",1,3,4
"Stephan Pilsinger, MdB",@StephPilsinger,2019-06-26T12:08:02.000Z,Jetzt im Plenum: Bei der Debatte zur #Organspende geht unser fraktionsübergreifender Antrag in die die 1. Lesung. Der unter anderem von mir initiierte Antrag zur verbindlichen #Entscheidungslösung wahrt das Recht auf Selbstbestimmung und sorgt gleichzeitig für mehr Spenderorgane,,1,2
"Kathrin Vogler, MdB",@voglerk,2019-06-26T12:02:16.000Z,"Wir wollen gemeinsam auf die Menschen zugehen, sie regelmäßig ansprechen und ihnen eine informierte Entscheidung zur #Organspende ermöglichen. Für Solidarität in Selbstbestimmung statt Bevormundung! 
@KirstenKappert
 @DieDannenberg
 @HHirte
 @HildeMattheis
 @StephPilsinger
 #BundestagNiema Movassat
@NiemaMovassat
 · Jun 26, 2019
Um 14:10 Uhr startet im #Bundestag die Debatte zur #Organspende. Alle wollen die Zahl der Spenden erhöhen. Die Widerspruchslösung von #Spahn und Co. aber ist verfassungswidrig, sie verletzt die Selbstbestimmung und die Menschenwürde. Ich werde auch in der Debatte reden.
Show this thread",1,3,4
Ralf Schuler,@drumheadberlin,2019-06-24T10:37:39.000Z,"Großbritannien: Gericht zwingt schwangere Frau zur Abtreibung in der 22. WocheGroßbritannien: Richterin ordnet Abtreibung in 22. Schwangerschaftswoche an
Eine in der 22. Woche schwangere Frau muss nach einer richterlichen Entscheidung abtreiben, weil unter einer geistigen Behinderung leidet.
rtl.de",,3,7
Birgit Kelle,@Birgit_Kelle,2019-06-24T10:40:41.000Z,"Richterin zwingt junge Frau mit geist. Behinderung zu #Abtreibung, obwohl die Oma das Kind versorgen würde. Die Richterin ist bekannte Abtreibungs-Lobbyistin. So sieht der internationale Kampf für das ""Frauenrecht"" auf Abtreibung real aus aus #servicetweetUK judge orders mother to have abortion against her will
A court has ordered that a mother with a learning disability who is 22 weeks pregnant must have an abortion. The woman is understood to be in her 20s and
righttolife.org.uk",24,126,279
CSU im Bundestag,@csu_bt,2019-06-04T14:44:00.000Z,"Im aktuellen 
@DerSPIEGEL
-Interview, welches am Rande der 
@Regions20
-Klimaschutzkonferenz in Wien geführt wurde, spricht Alexander #Dobrindt über YouTuber #Rezo, zeitgemäße politische Kommunikation und  modernen #Klimaschutz. #LektüretippDobrindt: „Öko muss Spaß machen“
Im aktuellen Spiegel-Interview, das am Rande der R20-Klimaschutzkonferenz in Wien geführt wurde, spricht Alexander Dobrindt über YouTuber Rezo, zeitgemäße politische Kommunikation und  modernen...
csu-landesgruppe.de",6,6,15
Manfred Weber,@ManfredWeber,2019-05-26T12:11:26.000Z,"Ich habe heute Morgen in meinem Heimatort Wildenberg in Bayern gewählt. Bitte nehmen Sie Ihr Wahlrecht wahr und geben Sie 
@CSU
 und 
@CDU
 bei den #Europawahlen2019 Ihr Vertrauen. #UnserEuropa",98,36,188
Manfred Weber,@ManfredWeber,2019-05-15T18:52:14.000Z,"My guitar skills didn’t get me to #Eurovision2019 but my passion for #Europe has brought me to tonight's #EurovisionDebate 
@EUDebate
! Lets rock! 
#TellEurope #ThePowerOfWe 
@EPP",19,81,177
Florian Hahn,@hahnflo,2019-05-13T06:34:23.000Z,"Wow! @AndiScheuer 
@akk
 @ManfredWeber
 mit Hitler, Höcke und Mussolini in einer Reihe - 
@SPD
 Kollegin 
@MariaNoichl
 feiert geschmacklose Aktion der 
@JusosAnsbach
 - weiter so! #Kopfschütteln #baldeinstellig",3,13,50
"Stephan Pilsinger, MdB",@StephPilsinger,2019-05-10T11:11:11.000Z,"Treffen m.Vertreterinnen der Bundeskonferenz der Psychotherapeuten in Ausbildung zum Gesetz zur Reform der Psychotherapeutenausbildung.Ziele: Verbesserung der Versorgung von Menschen mit psych. Erkrankungen, Möglichkeit zur Approbation nach einem Uni-Studium,angemessene Vergütung",3,12,31
Manfred Weber,@ManfredWeber,2019-05-07T21:34:22.000Z,"Diese Debatte bei der #Wahlarena hat Spaß gemacht! Die Unterschiede zwischen 
@TimmermansEU
 und mir sind mehr als klar geworden: Die Sozialisten stehen für ein linkes Europa, wir für ein Europa der Menschen und der Mitte. #unserEuropa",71,32,118
Bernhard Kuttenhofer,@DerCodie,2019-05-07T19:02:58.000Z,"Vor 16 Jahren bekamen wir „Ärger“, dass wir ihn als JU plakatiert haben. Jetzt hängt er in Berlin.  Bester Mann für Europa: 
@ManfredWeberManfred Weber",2,3,17
"Stephan Pilsinger, MdB",@StephPilsinger,2019-05-07T12:50:28.000Z,";)Kathrin Vogler, MdB
@voglerk
 · May 6, 2019
Replying to @StephPilsinger
Und? Gewinnt ihr diesmal? ",,,
"Stephan Pilsinger, MdB",@StephPilsinger,2019-05-06T17:48:36.000Z,"Rückspiel des FC Bundestag gegen die Mannschaft der Duma des russischen Parlaments.
#fcbundestag #russland #Deutschland #fussball #дружба",2,2,19
Ralf Schuler,@drumheadberlin,2019-05-02T10:40:05.000Z,"Brandbrief an Kevin Kühnert 
@BILDKevin Kühnert: Der Brandbrief des BILD-Parlamentschefs
BILD-Parlamentschef Ralf Schuler ist empört über die Sozialismus-Thesen von Juso-Chef Kevin Kühnert. Lesen Sie seinen Brandbrief.
bild.de",33,55,136
CSU,@CSU,2019-04-27T13:12:54.000Z,".
@ManfredWeber
: Jetzt kommt es wieder auf die Union an. Raus aus der Defensive, rein in die Offensive, rein in den Optimismus. Gemeinsam werden wir #unserEuropa voranbringen.",13,11,14
CSU,@CSU,2019-04-27T13:12:01.000Z,".
@ManfredWeber
: Die Gewichte auf dieser Welt verschieben sich fundamental. Es geht darum, ob wir unsere europäische Lebensart verteidigen können. Das geht nur gemeinsam mit einem selbstbewussten Europa, das seine Werte im Herzen trägt. #unserEuropa",55,22,38
Florian Hahn,@hahnflo,2019-04-27T08:11:10.000Z,"Weil die „Mitte“ nicht so links ist, wie die 
@spdde
 nahe 
@FEStiftung
 das gerne hätte, ist sie noch lange nicht rechtspopulistisch. Viele Sorgen der Bürger sind nicht rechtsradikal sondern einfach berechtigt. Diese zu zerstreuen, ist unsere Aufgabe! #mittestudie 
@CSU
 @csu_btClaus Kleber
@ClausKleber
 · Apr 26, 2019
Kurs nach Rechts?? Echt??
Siehe Original und Kürzung. 

Die “Nachhaken” in ersten Minuten wurden Opfer unserer Stoppuhr. 
Ist schon Rechtspopulist, wer “Recht und Ordnung” will? 
Oder korrekte Asylbehörden statt großzügige?

Hier Original
https://zdf.de/nachrichten/heute-journal/kurs-nach-rechts-100.html…

#MitteStudie",3,10,45
"Stephan Pilsinger, MdB",@StephPilsinger,2019-04-26T07:59:36.000Z,"Er kam mit der Bahn und hielt eine tolle Rede - vielen Dank an 
@rbrinkhaus
 für seinen Besuch bei der 
@jumuenchen
 ! http://stephan-pilsinger.de/fraktionschef-brinkhaus-bei-der-ju-muenchen/…",,2,13
"Stephan Pilsinger, MdB",@StephPilsinger,2019-04-25T17:38:09.000Z,".
@rbrinkhaus
 ist jetzt bei der JU München und spricht zu „Union 2021 - was jetzt zu tun ist“ #BrinkhausUnterwegs",7,3,22
Stefan Müller,@smuellermdb,2019-04-09T14:40:50.000Z,"Toller Austausch der Stratgiegruppe „Bewahrung der Schöpfung“ der 
@csu_bt
 mit 
@holger_loesch
, stellv. Hauptgeschäftsführer des 
@Der_BDI
, heute. Wir bringen Ökonomie und Ökologie zusammen.Holger Loesch and Anja Weisgerber",4,7,12
"Stephan Pilsinger, MdB",@StephPilsinger,2019-04-09T10:13:38.000Z,"Bin gegen #Bluttest für Schwangere als generelle Kassenleistung. Bin dafür,dass dieser nur bei Risikoschwangerschaften übernommen wird. Hier gibt es bisher nur die nicht risikolose Fruchtwasseruntersuchung  #Pränataltest #Trisomie21 #Lebensrecht Mehr dazu: http://stephan-pilsinger.de/gegen-die-einfuehrung-des-praena-bluttests-als-generelle-kassenleistung/…",1,,2
CSU im Bundestag,@csu_bt,2019-04-09T07:56:21.000Z,"Gestern waren die 
@csu_lt
 und Ministerpräsident 
@Markus_Soeder
 in Berlin zu Besuch. Ein spannender Austausch, ein gelungener Abend! #StarkfürBayern",9,8,25
Stefan Müller,@smuellermdb,2019-04-08T15:53:06.000Z,"Wir wollen unsere Heimat und unser Land gemeinsam mit den Kollegen der 
@csu_lt
 nach vorne bringen! Willkommen bei der CSU im Bundestag. #StarkfürBayern",3,2,16
Stefan Müller,@smuellermdb,2019-04-08T16:09:27.000Z,"Interessanter Austausch mit dem Generalsekretär der 
@CSU
, dem Leiter der Bayerischen Staatskanzlei und dem PGF der 
@csu_lt
. Wir ziehen an einem Strang - in München und in Berlin. #StarkfürBayern",,6,18
Wolfgang Stefinger,@StefingerMdB,2019-04-08T13:19:35.000Z,"#csuliefert #StarkfürBayern Heute gemeinsame Tagung von 
@csu_bt
 und 
@csu_lt
 in #Berlin",1,1,6
CSU im Bundestag,@csu_bt,2019-04-08T13:37:35.000Z,#StarkfürBayern: Sicherheitsrekord erreicht - in Bayern und im Bund! #CSUliefert,4,5,21
CSU im Bundestag,@csu_bt,2019-04-08T13:47:08.000Z,#StarkfürBayern: #SchwarzeNull durchgesetzt - in Bayern und im Bund. #CSUliefert,16,9,26
CSU im Bundestag,@csu_bt,2019-04-08T14:09:00.000Z,#StarkfürBayern: Rekordinvestitionen durchgesetzt - in Bayern und im Bund. #CSUliefert,1,2,16
CSU im Bundestag,@csu_bt,2019-04-08T10:59:42.000Z,"Heute CSU² in Berlin: Gemeinsame Sitzung der 
@csu_bt
 mit der 
@csu_lt
 aus Bayern. Impressionen und Positionen gibts unter #StarkfürBayern.",7,6,22
Stefan Müller,@smuellermdb,2019-04-07T11:56:38.000Z,"#Habeck und die vermeintlich so bürgerlichen Grünen sprechen sich ebenfalls für Enteignungen aus und schreiten Seit‘ an Seit’ mit 
@dieLinke
. Der alte Satz von FJS stimmt noch immer: Die Grünen sind eine Melonenpartei - außen grün und innen knallrot!",84,222,685
"Stephan Pilsinger, MdB",@StephPilsinger,2019-04-04T08:55:01.000Z,"Ich will den Münchner Westen #zukunftsfit machen u plädiere für die Möglichkeit, dass auch am Pasinger Bahnhof ein #Flugtaxi-Betrieb möglich sein wird. Wundere mich aber über Gegenwind aus den Reihen von SPD und Grünen. 
@DoroBaer
 #airbus #lilium #zukunftVision vom City Airport Pasing
Die CSU-Fraktion will den Bahnhof im Münchner Westen startklar für Flugtaxis machen. Die Mehrheit im Stadtteilgremium hält diese Idee für reichlich abgehoben
sueddeutsche.de",,,3
"Stephan Pilsinger, MdB",@StephPilsinger,2019-04-03T15:50:33.000Z,"In Zeiten, in denen auch bei der SPD Zweifel aufkommen,wie sie zur #Bundeswehr steht,sage ich ich:Ich stehe zu unserer Parlamentsarmee und zu unseren Soldaten.Letzte Woche habe ich eine Konferenz in der Sanitätsakademie der Bundeswehr in München eröffnet: http://stephan-pilsinger.de/hochkaraetige-konferenz-beim-sanitaetsdienst-der-bundeswehr-eroeffnet/…",,,4
"Stephan Pilsinger, MdB",@StephPilsinger,2019-03-25T19:12:03.000Z,"Der Vorschlag von 
@jensspahn
 einer Bundes-#AOK macht aus einer persönlichen Ortskrankenkasse eine unpersönliche Riesen-Bundeskasse. Das verbessert nicht die persönliche Versorgung der Patienten und ist deshalb nicht zielführend.BMG
@BMG_Bund
 · Mar 25, 2019
„Gesetzlich Versicherte sollen vom Kassen-Wettbewerb um guten Service, niedrige Beiträge & eine gute Versorgung profitieren – nicht davon, welche Kasse das beste Finanzschlupfloch findet.“ Heute hat @JensSpahn den Gesetzentwurf für eine faire Kassenwahl in der #GKV vorgestellt.",5,,4
Stefan Müller,@smuellermdb,2019-03-25T12:50:03.000Z,"#HelmeRettenLeben zeigt sinnbildlich wohin der linke Tugendterror unser Land führen will: Zurück in die Vergangenheit! Die Militanz der vermeintlich politisch Korrekten ist nicht nur spießig und muffig, sondern vor allem eine Gefahr für die Freiheit in unserem Land.",9,10,62
Junge Gruppe,@Junge_Gruppe,2019-03-21T14:38:13.000Z,"Heute hatten wir außerdem Besuch vom singapurischen Botschafter 
@MFAsg
! In Singapur sind rund 1.700 deutsche Unternehmen ansässig. Deshalb sind uns als Junge Gruppe die deutsch-singapurischen Beziehungen wichtig!  Wir bedanken uns für das freundliche Gespräch.Mark Hauptmann and 8 others",,4,17
Manfred Weber,@ManfredWeber,2019-03-21T10:38:58.000Z,"Wearing mismatched socks on World Down Syndrome Day to show my support for difference, disability and inclusion. #WorldDownSyndromeDay #SocksBattle4DS",17,42,176
"Stephan Pilsinger, MdB",@StephPilsinger,2019-03-21T08:37:21.000Z,#Konfusion bei der #Linkspartei im Bundestag nach #Wagenknecht-Rücktritt: Klaus Ernst applaudiert während #Regierungserklärung der Kanzlerin.  #Porsche #Klaus,,,1
KATH.NET,@KatholikenNet,2019-03-18T07:04:53.000Z,"Am vergangene Montag wurden in #Nigeria 52 Christen durch Muslime  ermordet. Weltweit berichtet kaum eine Agentur oder eine Zeitung oder  ein Fernsehsender darüber - Auch Kirchenvertreter schweigen dazu. 
http://kath.net/news/67340 
@BILD
 @WELTnews 
@focusonline
 @FAZ_Eil
 @tagesschau",32,371,353
KATH.NET,@KatholikenNet,2019-03-18T14:28:53.000Z,Irres Deutschland: Ein Katholik wollte im Bistum Münster eine Veranstaltung über Christenverfolgung organisieren. Der Pfarrer ua. verleumdeten die  Veranstaltung als #AFD-Veranstaltung. Es folgen Angriffe und ein Anschlag  auf seine Firma durch die Antifa http://kath.net/news/67346,,12,17
CSU,@CSU,2019-03-10T21:13:59.000Z,"Wir wollen ein #Europa der Bürger! Europa steht am Scheideweg – und damit viel auf dem Spiel: innerer und äußerer Frieden, gemeinsamer Wohlstand, unsere Zukunft in einer immer unsichereren Welt. Mehr dazu hier: https://csu.de/common/csu/content/csu/hauptnavigation/aktuell/meldungen/Veranstaltungen/Parteitag_2019/Beschluss-Leitantrag_Unser_Europa-2019-01-19.pdf… #CSU #annewill",24,13,28
CSU,@CSU,2019-03-10T21:04:54.000Z,".
@ManfredWeber
: Wir leben heute im besten #Europa, das wir jemals hatten. Wir dürfen in Frieden und Freiheit leben! Das sollten wir auch wertschätzen. #AnneWill",159,55,129
Dr. Hugo Müller-Vogg,@HugoMuellerVogg,2019-03-06T12:07:34.000Z,"Der 
@DLF
 bescheinigt 
@Markus_Soeder
, beim #csuam19 sich „im Rahmen des Politisch-Korrekten“ bewegt zu haben. Woher nimmt ein ÖR-Sender eigentlich das Recht, festzulegen, was hierzulande noch gesagt werden darf? 
@CSU",32,87,346
CSU,@CSU,2019-03-06T11:09:46.000Z,".
@MarkusBlume
: Die #CSU ist wieder da - mit neuer Stärke und legendärer Geschlossenheit. Das ist das Signal aus #Passau!    #CSUAM19",8,5,9
KATH.NET,@KatholikenNet,2019-03-05T06:11:41.000Z,"Was für ein wirrer Unsinn einer Buchautorin: ""Ein Kind ist das Schlimmste, was man der Umwelt antun kann. Jedes nicht in die Welt gesetzte Kind bedeutet eine CO2-Einsparung von rund 50 Tonnen im Jahr.""Deutsche Autorin: ""Kein Baby bekommen – der Umwelt zuliebe""
Verena Brunschweiger plädiert in ihrem Buch für ein offeneres Frauenbild.
kurier.at",89,87,142
CSU,@CSU,2019-03-06T10:40:31.000Z,".
@Markus_Soeder
: Wir stehen zur Bundeswehr und wollen, dass sie ordentlich ausgestattet ist, um ihren Dienst zu erfüllen! #CSUAM19",4,8,16
CSU,@CSU,2019-03-06T10:05:58.000Z,".
@ManfredWeber
: Wenn ich Kommissionspräsident werde, dann werde ich die Dienste anweisen, die EU-Beitrittsgespräche mit der Türkei zu beenden. #CSUAM19",16,17,34
JU München,@jumuenchen,2019-03-06T09:34:28.000Z,"OB Reiter zeigt sein wahres Gesicht!

""Nach ihrer Rede beim Tanz nun soll Reiter Fett den Handschlag verweigert und gesagt haben: „Das wird Ihnen noch leidtun.“Eklat beim Tanz der Marktweiber: Standl-Chefin rüffelt OB auf der Bühne
Der Tanz der Marktweiber gilt eigentlich als Quell guter Laune. Diesmal kommt es rund um das Event jedoch zu einem Aufstand der Markt-Händler gegen die Stadt und besonders OB Dieter Reiter.
tz.de",,1,
CSU,@CSU,2019-03-06T09:36:14.000Z,"@ManfredWeber
 spricht beim #CSUAM19 https://pscp.tv/w/b0-MDjE2NDA5NzR8MXlOR2FPQmdlWWp4ahPPU7rTd1Woi8boGrXhKuSj1W1DHZrKciBjNQx7i38L…",7,7,9
CSU,@CSU,2019-03-06T09:45:48.000Z,".
@ManfredWeber
: Politik muss aus der Mitte heraus gestaltet werden. Nicht von Linken und auch nicht von rechten Dumpfbacken. Uns geht es um das Große und Ganze. #CSUAM19",21,14,17
Stefan Müller,@smuellermdb,2019-03-02T15:19:44.000Z,"In der ARD werden Stimmen laut, die eine Erhöhung des Rundfunkbeitrags fordern. Die BBC kommt mit deutlich weniger aus als der ÖRR. Die Qualität stimmt dennoch. Gutes Fernsehen kann günstiger und effizienter produziert werden. Es gibt Einsparpotentiale.17,50 Euro reichen nicht: ARD-Chef pocht auf höhere Rundfunkgebühr
Der Intendant des Bayerischen Rundfunks, Ulrich Wilhelm, will mit dem Einnahme-Plus bis 2024 Qualitätsstandards sichern
bild.de",49,98,263
"Stephan Pilsinger, MdB",@StephPilsinger,2019-03-02T12:23:07.000Z,"Worüber wir reden müssen: Ein Rettungseinsatz für einen so genannten #Komasäufer kostet mindestens 500 Euro, die die Allgemeinheit (Versicherte) bezahlt. Das ist unsozial und sollte sich (zumindest bei Wiederholungstätern) ändern:CSU-Politiker schäumt: Komasäufer sollen Rettungswagen selber zahlen
Saufen, bis der Arzt kommt - und DAS auf Kosten aller Krankenversicherten? Damit soll Schluss sein, fordert ein erster CSU-Politiker.
m.bild.de",7,4,12
pollytix strategic research,@pollytix_gmbh,2019-02-28T12:28:45.000Z,"#Twitter-Netzwerke: Welche*r #Bundestagsabgeordnete hat die meisten neuen #Follower*innen?

Wir haben die #Top10 der 
@csu_bt
 genauer betrachtet! 

Mehr dazu in unserem Twitter-Netzwerk: https://mdb.pollytix.deDorothee Bär and 8 others",,2,4
"Stephan Pilsinger, MdB",@StephPilsinger,2019-02-20T11:36:41.000Z,"Habe im Familienausschuss gerade für den Kompromiss zu §#219a gestimmt.Wir wollen:Ungeborenes Leben schützen,Schwangeren helfen,Ärzten Rechtssicherheit geben,keine Werbung für Abtreibungen.Nicht vergessen:  #Abtreibung ist keine „Behandlung“ wie jede andere u darf es nie werden",5,2,17
Robin Alexander,@robinalexander_,2019-02-19T16:52:33.000Z,"Die medial extrem präsente Empörung über den #Groko-Kompromiss zum §#219a beeindruckt die Koalitionsfraktionen nicht: Keine Handvoll Gegenstimmen bei 
@spdbt
, noch weniger bei 
@cducsubt
. 
@welt",8,18,70
Julian Reichelt,@jreichelt,2019-02-19T23:06:53.000Z,"Viele Männer haben auch Omaha Beach oder die „Landshut“ gestürmt, Europa und Geiseln befreit, gegen Apartheid gekämpft, die Wiedervereinigung verhandelt, Penicillin erfunden und sind zum Mond geflogen. Unsere Spezies hat nicht ausschließlich Anlass zu diesem Selbsthass. https://twitter.com/vonDobrowolski/status/1097900216475373568…This Tweet is unavailable.",54,75,484
CDU/CSU,@cducsubt,2019-02-14T15:57:50.000Z,"„Heute ist ein guter Tag für Menschen, die auf ein Spenderorgan warten“, so 
@StephPilsinger
 in der Debatte zum #Transplantationsgesetz. Mit der Gesetzesänderung werde der Prozess der #Organspende entscheidend verbessert, u.a. durch eine Stärkung des Transplantationsbeauftragten.Stephan Pilsinger, MdB",3,4,6
"Stephan Pilsinger, MdB",@StephPilsinger,2019-02-13T10:34:26.000Z,"Freue mich, dass es meine Forderung  in das Bundeskabinett geschafft hat und bewilligt wird: Es wird eine Studie aus Bundesmitteln geben, die die seelischen Folgen von #Abtreibungen erforscht.",4,1,25
Florian Hahn,@hahnflo,2019-02-03T07:59:17.000Z,"Offensichtlich vaterlandslose Gesellen bei den 
@jusos
 in #HannoverMarita
@womawo
 · Feb 2, 2019
Wer diese Partei wählt, sollte wissen, was er bekommt. Menschen, denen es vollkommen egal ist, wenn Deutschland zugrunde gerichtet wird. Da sind sie sich ja mit den Grünen einig.",9,26,53
Birgit Kelle,@Birgit_Kelle,2019-01-24T18:53:08.000Z,"New York legalisiert die Tötung lebensfähiger Kinder bis zur Geburt. Während also manche Ärzte Frühchen ab 500 Gramm versuchen zu retten, darf daneben ein lebensfähiges Kind getötet werden. Ich finde diese Verrohung beängstigend. #AbtreibungNew Yorks Senat legalisiert Abtreibungen bis zur Geburt
New Yorks Senat legalisiert Abtreibungen bis zur Geburt, wenn die Gesundheit der Mutter gefährdet oder der Embryo nicht lebensfähig ist.
katholische-sonntagszeitung.de",105,336,806
"Stephan Pilsinger, MdB",@StephPilsinger,2019-01-23T19:27:03.000Z,"Freue mich über den Besuch unseres JU-Landesvorsitzenden, Staatsminister Dr. Hans Reichhart, bei der JU München.",,,2
Dr. Hugo Müller-Vogg,@HugoMuellerVogg,2019-01-21T17:23:24.000Z,"Das angeblich rückständige #Bayern erwirtschaftet, was das angeblich fortschrittliche Berlin für seine Volksbeglückungs-Politik braucht. Man könnte auch sagen: Die 
@CSU
 zeigt, wie man gut regiert. Aber #r2g ist für die 
@spdde
-Linke ja das Modell für Deutschland.Martin Greive
@MartinGreive
 · Jan 21, 2019
Exklusiv: ""Die Rechnung bitte, Bayern zahlt."" Der Länderfinanzausgleich schwoll 2018 auf einen neuen Rekordwert. Allein Bayern stemmte mit 6,7 Mrd. € mehr als die Hälfte des Ausgleichstopfs. Größter Profiteur: Berlin mit 4,4 Mrd. € https://handelsblatt.com/politik/deutschland/umverteilung-bayern-zahlt-mehr-als-die-haelfte-des-laenderfinanzausgleichs-6-7-milliarden-euro/23890824.html?share=twitter…",35,157,470
Reinhard Brandl,@reinhardbrandl,2019-01-19T10:43:15.000Z,"#RT 
@csu_bt
: RT 
@CSU
: Danke für 10 Jahre als Parteivorsitzender der #CSU. 
Danke für den Einsatz für unsere Heimat! @der_Seehofer #csupt19From 
CSU",,1,5
Stefan Müller,@smuellermdb,2019-01-19T09:59:14.000Z,"Danke, lieber Horst #Seehofer! Danke für zehn starke Jahre an der Spitze der 
@CSU
. Deutschland, Bayern und die Partei verdanken Dir viel. Das werden wir Dir nie vergessen. #csupt19",6,8,44
CSU im Bundestag,@csu_bt,2019-01-17T10:39:48.000Z,"CSU-Gesundheitsexperte 
@StephPilsinger
 lobt den Gesetztentwurf von Minister 
@jensspahn
: ""Bei der Erhöhung der Organspenden in Deutschland kommt den Krankenhäusern, in denen Organe entnommen werden, eine entscheidende Rolle zu. Deshalb setzt der Gesetzesentwurf hier an!""",2,1,5
"Stephan Pilsinger, MdB",@StephPilsinger,2019-01-17T10:07:53.000Z,Spreche jetzt gleich im #Bundestag zum #Transplantationsgesetz. Unser Ziel ist klar: Die Zahl der Organspenden muss wieder steigen!,,1,2
Manfred Weber,@ManfredWeber,2019-01-09T19:37:10.000Z,"Great seeing so many of you all tonight at my Brussels kick-off of my #listeningtour. Thanks for your interesting questions and suggestions, this is what I look for when drafting a plan for our common future. #manfredlistens #StrongerTogetherLídia Pereira and Manfred Weber",8,59,164
Stefan Müller,@smuellermdb,2019-01-06T07:35:18.000Z,"Kleiner Nachtrag zu #seeon19: Das Seeon-Selfie mit Alexander #Dobrindt, 
@_A_K_K_
, @campaignforleo, 
@ManfredWeber
, 
@DoroBaer
, 
@DaniLudwigMdB
 und mir!",30,17,92
Don Alphonso,@_donalphonso,2019-01-03T11:56:23.000Z,"Selbstverständlich ist sie dabei auf dem #Raodtrip. Wo kämen wir denn da hin, wenn die Mächtigen wie unsereins einen Radtrip auch bei -2 Grad machen würden.",27,117,600
Don Alphonso,@_donalphonso,2019-01-03T11:28:55.000Z,"Sie sehen die Hand von 
@KathaSchulze
,  die mal eben nach Kalifornien geflogen ist und ein fettes Eis im  Einwegbecher mit Plastiklöffel isst. Und wenn sie wieder in Bayern ist,  packt sie als grüne Franktionschefin erneut den Verbotspolitikhammer für das Volk aus, weil Umwelt.",392,1.8K,3.7K
Manfred Weber,@ManfredWeber,2018-12-31T20:38:29.000Z,"2018 was eventful & I feel deeply thankful for all the support I received. More than ever, I am convinced that we are #StrongerTogether in #Europe. May 2019 bring you and your loved ones joy and happiness, good health and a lot of success!  #HappyNewYear2019",20,50,236
"Stephan Pilsinger, MdB",@StephPilsinger,2018-12-25T11:06:05.000Z,"Guten Morgen!Heute als ärztlicher Bereitschaftsdienst unterwegs in München-hoffen wir, dass nicht mehr ist, als ein paar Magenverstimmungen wegen zuviel vom Weihnachtsbraten...Ich wünsche euch allen ein frohes und friedliches Weihnachtsfest! #FroheWeihnachten #WeihnachtenImDienst",2,1,47
Don Alphonso,@_donalphonso,2018-12-22T19:41:09.000Z,"Vielleicht sollte man nicht nur über das reden, was #Relotius gefälscht hat, sondern auch über die Haltung, die er mit den Fälschungen bediente.Fall Claas Relotius: Reporter täuschte Leser offenbar mit Spendenaufruf
Gegen den ehemaligen SPIEGEL-Redakteur Claas Relotius gibt es neue Vorwürfe. Er hat offenbar Leser ermuntert, Geld für Protagonisten seiner Texte zu spenden. Das Geld sei auf seinem Privatkonto...
spiegel.de",63,225,728
CSU,@CSU,2018-11-24T10:59:32.000Z,".
@ManfredWeber
: Wir wollen Grenzen sichern und wollen uns hinwenden zu den Menschen die Hilfe brauchen. Deswegen brauchen wir eine gesteuerte Zuwanderung. #DeinEuropa #StrongerTogether #bettereurope",6,5,19
"Stephan Pilsinger, MdB",@StephPilsinger,2018-11-23T14:36:33.000Z,#CSUliefert #Haushaltswoche,,,
Andreas K. Gruber,@akg_berlin,2018-11-20T19:17:39.000Z,"+2 nach der 1. Runde beim Parl. Benefiz-#Schafkopf-Turnier in der Bay. Vertretung in Berlin. 
@StephPilsinger
 war zu stark. Aber noch ist was drin! ",,1,1
"Stephan Pilsinger, MdB",@StephPilsinger,2018-11-21T10:39:02.000Z,Kristina Frank ist eine großartige Oberbürgermeisterkandidatin für  #München und hat meine ganze Unterstützung!,,,5
Dorothea Wiepcke,@dodoausmuc,2018-11-14T11:54:22.000Z,"Heute mal ein Servicetweet für alle an der Kommunalpolitik Interessierten: 
@CSUimRathaus
 ist am Start! Das ist doch sicher was für 
@AnnieMuc
 und all die anderen Rathausgänger, oder?",1,2,6
Ralph Brinkhaus,@rbrinkhaus,2018-11-15T07:20:41.000Z,"Mit meinem heutigen Besuch in Rhöndorf möchte ich einen unserer größten Politiker würdigen. Konrad Adenauers Politik ist auch heute wegweisend für die 
@cdu
 und 
@cducsubt
 . Hier einige Gedanken zu Adenauer: ""Von Konrad Adenauer lernen!
Der Vorsitzender der CDU/CSU-Bundestagsfraktion Ralph Brinkhaus besucht an diesem Donnerstag das Adenauerhaus in Rhöndorf. In einem Essay würdigt Brinkhaus den ersten Fraktionsvorsitzenden so...
cducsu.de",9,29,91
CSU im Bundestag,@csu_bt,2018-11-11T11:41:44.000Z,"Unser Fraktionsvorsitzender 
@rbrinkhaus
 schreibt heute in der 
@welt
 über das christliche Menschenbild und die aktuellen Herausforderungen an die Politik. #LektüretippRalph Brinkhaus: „Die Menschen wollen von Politikern nichts mehr hören“ - WELT
Das Vertrauen in die Politik ist erschüttert. Bürger fühlen sich nicht respektiert. Die Koalition muss endlich handeln und das Leben für die Menschen besser machen. Für die CDU bietet das christliche...
welt.de",10,7,28
"Stephan Pilsinger, MdB",@StephPilsinger,2018-11-07T14:46:56.000Z,"Go for it!Manfred Weber
@ManfredWeber
 · Nov 7, 2018
Thanking my great campaign team at #EPPHelsinki!  Today I am talking to as many delegates as possible and looking forward to meet you in Helsinki. #strongertogether #bettereurope #deineuropa #teamweber",,,2
Manfred Weber,@ManfredWeber,2018-11-05T19:31:48.000Z,"I am from a small town in lower Bavaria, like many other villages and towns in Europe. Here and everywhere else people are asking us to bring Europe back home. Watch my video for #EPPHelsinki here! #StrongerTogether #BetterEurope",82,441,938
Heribert Hirte,@HHirte,2018-11-06T14:56:58.000Z,"#Stephanuskreis der 
@cducsubt
 setzt sich für die Christin #AsiaBibi ein und hat sich bereits an den Botschafter der Islamischen Republik #Pakistan gewendet. #FreeAsiaBibi #Religionsfreiheit #Christenverfolgung",3,9,39
Ulrich Scharlack,@ulrichscharlack,2018-11-06T15:12:34.000Z,"@rbrinkhaus
 kündigt vor der Sitzung der 
@cducsubt
 in den nächsten Wochen eine intensive Gesetzgebungsarbeit an. Es werde einen Herbst des Handelns geben. #Koalition",2,4,10
"Stephan Pilsinger, MdB",@StephPilsinger,2018-10-31T17:24:26.000Z,"Mein Vorschlag zum Thema #Organspende: Ich bin für die verbindliche #Entscheidungslösung, da Nichtssagen keine Zustimmung sein kann. Hier im Interview:„Ethisch nicht vertretbar“
Organspende: CSU-MdB und Arzt Stephan Pilsinger lehnt die Widerspruchslösung ab. Von Stefan Rehder
m.die-tagespost.de",1,6,8
Don Alphonso,@_donalphonso,2018-10-15T13:58:42.000Z,"Ah, langsam dämmert es den Grünen und ihren Freunden in Prantlhausen, dass die verhassten ""alten, weissen Männer"" die #Ltwby18 gewonnen haben. Ich predige seit Jahren, dass man mit Rassismus und Sexismus in Deutschland keine Wahl gewinnt, aber mir glauben sie nicht.",18,143,651
"Stephan Pilsinger, MdB",@StephPilsinger,2018-10-12T16:12:39.000Z,"#fleißig auch am Freitag Nachmittag: #Hammelsprung im Plenum. Alles auf  Veranlassung der 
@AfD
. Diese war dann nur mit 17 Abgeordneten ohne 
@Alice_Weidel
 und Alexander Gauland vor Ort. Kommentar erübrigt sich. 
@rbrinkhaus
 hat die Lage im Griff. 
@cducsubt",11,16,54
Junge Union Bayern,@jubayern,2018-10-10T19:05:04.000Z,#BRWahlarena 10.000 Wohnungen baut die #BayernHeim und wir unterstützen die Kommunen,2,1,2
CSU,@CSU,2018-10-10T19:05:12.000Z,Wir wollen Familien bei der Schaffung von Wohneigentum unterstützen. Mit Bundesbaukindergeld und Bayerischem Baukindergeld bekommt eine Familie in Bayern mit zwei Kindern beim Neubau oder Kauf über einen Zeitraum von zehn Jahren 40.000 Euro Unterstützung. #JAzuBayern #brwahlarena,5,6,15
Impfangebotgriaseich *COVID19-negativ*,@griaseich,2018-10-10T18:37:12.000Z,"Stark, wie ruhig, sachlich und kompetent sich 
@Markus_Soeder
 in der #BRWahlarena präsentiert  Das volle Gegenprogramm zu der peinlichen Vorstellung von Schrei-Schulze im Bild-Talk. #BR24Wahl",2,11,55
Ralf Schuler,@drumheadberlin,2018-10-08T12:15:21.000Z,"Alles neu macht der Brinkhaus. Begeisterung bei den Abgeordneten der Unionsfraktion im Bundestag: ""Zum ersten Mal bekommen wir die Tagesordnung der Fraktionssitzung schon einen Tag vorher..."" 
@BILD_Politik",12,24,56
Willi Haentjes,@willi_haentjes,2018-10-08T09:47:34.000Z,"Grünen-Spitzenkandidatin Schulze im 
@BILD
-Talk zur Bayern-Wahl. Viele Fragen. Antworten? Schwammig. Zwei Zuschauer schon maximal genervt: ""Antworten Sie doch mal konkret!"" Fällt ihr schwer: ""Es gibt nicht nur Schwarz und Weiß..."" 
@BILD_Politik",22,39,81
Robin Alexander,@robinalexander_,2018-10-04T15:51:40.000Z,"Kulturwandel bei 
@cducsubt
: 
@rbrinkhaus
 setzt außerplanm Klausur für geschäftsf Fraktionsvorstand an: 23+24.11./ Potsdam. 
Ein MdB murrt: ""Och, Freitagmittag ist so viel Verkehr ... ""
Antwort 
@rbrinkhaus
: ""Gute Idee, wir fahren alle gemeinsam mit der S-Bahn hin!"" 
Quelle: 
@welt",20,99,573
"Stephan Pilsinger, MdB",@StephPilsinger,2018-09-19T13:23:50.000Z,#Organspende - na hier haben wir ja schon mal ne deutliche Mehrheit für die #verbindlicheEntscheidungslösung ;) https://bayerische-staatszeitung.de/staatszeitung.html?L=0#vote…,2,1,
"Stephan Pilsinger, MdB",@StephPilsinger,2018-09-15T15:24:52.000Z,"#Organspende Habe meinen Vorschlag zur „verbindlichen Entscheidungslösung“ anlässlich der Haushaltsdebatte im Plenum des Bundestages vorgestellt:Deutscher Bundestag - Mediathek
Live, unkommentiert und in voller Länge: Sämtliche Live-Übertragungen des Parlamentsfernsehens sowie das vollständige Videoangebot seit Beginn der 17. Wahlperiode im Oktober 2009 bietet...
bundestag.de",1,1,2
"Stephan Pilsinger, MdB",@StephPilsinger,2018-09-04T14:39:12.000Z,"Wir alle wollen mehr Organspenden. Ich will dabei individuelle Entscheidungsfreiheit mit mehr Organspendebereitschaft vereinen: die ""verbindliche #Entscheidungslösung "". Für einen Gruppenantrag im Bundestag mache ich mich stark. #Organspende  http://stephan-pilsinger.de/organspende-die-bewusste-entscheidung-des-menschen-muss-im-mittelpunkt-stehen/…",,2,3
"Stephan Pilsinger, MdB",@StephPilsinger,2018-08-31T13:17:31.000Z,"Super:das neue #Organspende gesetz kommt und meine Vorschläge sind dabei:Stärkung der Transplationsbeauftragten an den Häusern, die flächendeckende neurologische Konsiliardienste,Datenübermittlung  an Transplantationsregister und angemessenere Vergütung.Jens Spahn: Neues Gesetz soll Organspende stärken
In Deutschland werden sehr wenige Organe gespendet - das liegt vor allem an strukturellen Problemen in Kliniken. Ein Gesetzentwurf des Bundesgesundheitsministerium soll gegensteuern.
spiegel.de",,3,6
"Stephan Pilsinger, MdB",@StephPilsinger,2018-08-18T08:43:06.000Z,"Zu Besuch bei der #Diensthundestaffel der #Polizei in #München. Über 40 Hunde gibt es dort, die im Jahr über 2000 Einsätze leisten  #DankePolizei",4,1,5
"Stephan Pilsinger, MdB",@StephPilsinger,2018-08-10T11:31:17.000Z,"Oft werde ich gefragt, wie die Arbeit als Abgeordneter im #Bundestag so aussieht. Dazu habe ich einen kleinen Vorstellungsclip für meine Website gemacht:Meine Arbeit als Abgeordneter
Seit 2017 darf ich meine Heimat München im Deutschen Bundestag vertreten. Hier eine kurze Vorstellung meiner Arbeit.
youtube.com",,1,11
"Stephan Pilsinger, MdB",@StephPilsinger,2018-08-07T06:45:28.000Z,Warum ich als Abgeordneter weiter stundenweise in einer Hausarztpraxis arbeite: http://stephan-pilsinger.de/warum-ich-als-… #nebentätigkeit #bundestag,,2,19
"Stephan Pilsinger, MdB",@StephPilsinger,2018-08-04T15:53:02.000Z,"Endspurt im Landtagswahlkampf!
Freue mich, die Bezirkstags- und Landtagskanidaten mit meinem neuen Wahlkampfradl im Wahlkreis unterstützen zu können #dasBestefürBayern #Landtagswahl2018",,,10
"Stephan Pilsinger, MdB",@StephPilsinger,2018-07-06T17:21:31.000Z,Heute großer Tag: Eröffnung des Wahlkreisbüros in der Verdistraße im Herzen unseres Wahlkreises München-West/Mitte,,1,9
"Stephan Pilsinger, MdB",@StephPilsinger,2018-06-25T15:00:35.000Z,"Vielen Dank an Friederike Melters aus meinem Wahlkreis München-West/Mitte, die am diesjährigen Planspiel #JugendundParlament teilgenommen hat. Mehrere Tage diskutieren hier junge Menschen fiktive Gesetzesinitiativen und bekommen so einen Einblick in die parlamentarische Arbeit.",,,5
"Stephan Pilsinger, MdB",@StephPilsinger,2018-06-08T17:15:51.000Z,Gleich geht‘s los! Zu Gast im Münchner Westen ist Bundesminister Gerd Müller und spricht zu „Fluchtursachen bekämpfen“,3,,7
BVKJ,@BVKJ,2018-06-07T08:02:50.000Z,"Um Maßnahmen für einen besseren #Impfschutz, gegen den #Kinderärztemangel und für bessere #Ernährung ging es im Gespräch mit dem ärztlichen Kollegen und Gesundheitspolitiker 
@StephPilsinger
 - es war ein lohnender Austausch! (hier mit Dres. Peter und Fischbach, BVKJ)",1,2,3
"Stephan Pilsinger, MdB",@StephPilsinger,2018-03-15T12:08:31.000Z,"Andreas 
@westerfellhaus
 wird neuer Pflegebevollmächtigter der Bundesregierung. Herzlichen Glückwunsch! #Pflegetag #StandingOvations",2,1,3
"Stephan Pilsinger, MdB",@StephPilsinger,2018-03-14T09:06:39.000Z,Fun fact: Mit der heutigen #Kanzlerwahl hat die SPD häufiger Angela #Merkel zur Bundeskanzlerin gewählt als Willy Brandt.,1,16,44
"Stephan Pilsinger, MdB",@StephPilsinger,2018-03-13T14:27:02.000Z,Brandaktuell: SPD zieht Antrag zur Aufhebung des Werbeverbots für Abtreibungen (#219a StGB) zurück! Ich bleibe dabei: Das Werbeverbot ist richtig!,,3,11
"Stephan Pilsinger, MdB",@StephPilsinger,2018-02-22T17:34:18.000Z,Spreche jetzt gleich im BT zur so genannten „kontrollierten Abgabe“ von #Cannabis als Genussmittel. Beim Lesen der Anträge denkt man: Was haben denn die geraucht?,75,8,15
"Stephan Pilsinger, MdB",@StephPilsinger,2018-02-02T11:12:16.000Z,Kinder sind ein Geschenk - kein Produkt. Meine erste Rede im #Bundestag #WP19 https://bundestag.de/mediathek?videoid=7197975#url=L21lZGlhdGhla292ZXJsYXk=&mod=mod442356…,4,2,16
"Stephan Pilsinger, MdB",@StephPilsinger,2018-01-30T08:12:48.000Z,"Freue mich, dass mich 
@cducsubt
 und 
@csu_bt
 in den Gesundheitsausschuss benannt haben-außerdem FSFJ-Ausschuss! Danke für das Vertrauen!",3,4,16
"Stephan Pilsinger, MdB",@StephPilsinger,2018-01-26T10:23:46.000Z,"Volles Haus war beim 
@jumuenchen
  Neujahrsempfang im #Google-Entwicklungszentr. Danke an 
@DoroBaer
 f.ihren Vortrag! http://stephan-pilsinger.de/neujahrsempfang-im-zeichen-der-digitalwelt-ju-goes-google/…",,2,9
"Stephan Pilsinger, MdB",@StephPilsinger,2018-01-12T11:07:54.000Z,"CSU hält Wort:Familiennachzug, Mütterrente,Grundrente-man kann deutlich unsere Handschrift lesen. Wichtig:Bürgerversicherung ist nicht dabei",29,12,32
Thomas Bareiß,@Thomas_Bareiss,2018-01-06T17:52:03.000Z,"Wenn 
@SPIEGELONLINE
, die 
@SZ
 und der linke Bürgermeister von Prenzlauer Berg über den Vorstoß von #Dobrindt spotten, dann hat der #CSU Kollege ins Schwarze getroffen. Glückwunsch! http://spon.de/ae8Qa via 
@SPIEGELONLINEDER SPIEGEL | Online-Nachrichten
Deutschlands führende Nachrichtenseite. Alles Wichtige aus Politik, Wirtschaft, Sport, Kultur, Wissenschaft, Technik und mehr.
spiegel.de",3,15,35
"Stephan Pilsinger, MdB",@StephPilsinger,2018-01-06T09:43:06.000Z,Fröhliche Begegnung in #Seeon : Die #Sternsinger mit Dackel-Begleitung #DreiKoenigstag,,,6
"Stephan Pilsinger, MdB",@StephPilsinger,2018-01-05T11:13:07.000Z,"München u Kiew verbindet eine Städtepartnerschaft.Habe mit Vitali Klitschko, Bgm.v.Kiew Erweiterung des Austauschs im Jugendbereich erörtert",,,12
"Stephan Pilsinger, MdB",@StephPilsinger,2017-12-19T11:19:09.000Z,#NC -Entscheidung des #BVerfG: Wir brauchen einen Systemwechsel! Mehr dazu hier: http://stephan-pilsinger.de/nc-auf-medizin-ist-teilweise-verfassungswidrig-wir-brauchen-einen-systemwechsel-und-das-ist-richtig-so/…   Wer hat noch Ideen?,,1,1
Junge Union Bayern,@jubayern,2017-12-19T10:01:49.000Z,"Wir gratulieren 
@StephPilsinger
, 
@Doleschal
 und unserem Siggi Walch zur Ernennung zum Rising Star!Redaktion p&k
@pundk
 · Dec 15, 2017
Und das sind sie - unsere #RisingStars2017 - 50 Hoffnungsträger, die man kennen sollte: https://politik-kommunikation.de/ressorts/artikel/das-sind-die-rising-stars-2017-1824604764…",,1,5
"Stephan Pilsinger, MdB",@StephPilsinger,2017-11-21T15:03:02.000Z,"Wie wäre es denn mit einer #Mitgliederbefragung bei der SPD zur #GroKo?
@FlorianPost",,,2
"Stephan Pilsinger, MdB",@StephPilsinger,2017-10-24T15:18:05.000Z,Mit der #Konstituierung des Bundestags sind wir in die #WP19 gestartet. #bundestag,,,7
"Stephan Pilsinger, MdB",@StephPilsinger,2017-10-24T09:04:02.000Z,Es geht los. #WP19 #Bundestag,,1,7
CSU im Bundestag,@csu_bt,2017-10-23T15:21:13.000Z,"Heute Fraktionssitzung. Morgen konstituiert sich der 19. Deutsche #Bundestag. 
@StephPilsinger
 ist einer unserer Neuen. Wie fühlt er sich?",,2,4
"Stephan Pilsinger, MdB",@StephPilsinger,2017-10-20T08:07:37.000Z,Na also: DGB lädt #Antifakongress aus. Leider erst nach öffentlichem Druck. Mein offener Brief an DGB von gestern: http://stephan-pilsinger.de/nein-zum-antifakongress-in-muenchen-mein-offener-brief-an-den-dgb-chef/…,,1,4
"Stephan Pilsinger, MdB",@StephPilsinger,2017-10-13T11:54:40.000Z,Für einen neuen „ #Medizinertest “: Warum wir denZugang zum #Medizinstudium ändern sollten: http://stephan-pilsinger.de/wege-ins-medizinstudium-gerechter-gestalten-fuer-einen-neuen-medizinertest-oder-weil-nicht-nur-die-abiturnote-entscheidend-ist-wer-spaeter-ein-guter-arzt-wird/…,1,1,4
"Stephan Pilsinger, MdB",@StephPilsinger,2017-10-06T19:45:18.000Z,"Top Rede von 
@jensspahn
 beim #DLT17 
@Junge_Union
 „Menschen haben ideologisieren und moralisieren“ satt!",2,6,24
"Stephan Pilsinger, MdB",@StephPilsinger,2017-09-24T20:31:47.000Z,Danke!!! #klarfuerunserLand,2,,4
"Stephan Pilsinger, MdB",@StephPilsinger,2017-09-24T08:21:19.000Z,"Bitte heute beide Stimmen für die CSU, um Bayern in Berlin zu stärken! #klarfuerunserLand",,1,3
"Stephan Pilsinger, MdB",@StephPilsinger,2017-08-28T17:43:33.000Z,"Jetzt in Obermenzing: 
@ManfredWeber
 spricht zu ""Europa verbessern heißt Deutschland stärken""",,3,1
"Stephan Pilsinger, MdB",@StephPilsinger,2017-08-28T09:38:07.000Z,"Tolles ""Wohnzimmer"" an der Straße. Der Nachbarschaftstreff ""Haderner Herz"": http://stephan-pilsinger.de/haderner-herz-das-wohnzimmer-an-der-strasse-pilsingers-sprechstunde/…",,,1
"Stephan Pilsinger, MdB",@StephPilsinger,2017-08-12T15:19:08.000Z,Kurt Faltlhauser war da und hat die Steuerkonzepte von Union und SPD verglichen: http://stephan-pilsinger.de/leistungserbringer-entlasten-veranstaltung-zum-thema-steuerpolitik-mit-kurt-faltlhauser/… #GesundePolitik,,,1
"Stephan Pilsinger, MdB",@StephPilsinger,2017-08-08T21:10:18.000Z,In der Großstadt müssen wir uns um die Naherholungsgebiete besonders kümmern: #Würmranger http://stephan-pilsinger.de/natur-in-der-grossstadt-pilsingers-sprechstunde-bei-den-wuermrangern/…,,,3
Jens Spahn,@jensspahn,2017-07-06T19:35:05.000Z,"Heut bei 
@StephPilsinger
, Bernhard Loos, Daniela Ludwig u Stephan Mayer im Einsatz. Oberbayern ist schon schön! 
@CSU_net
 #fedidwgugl #BTW17",3,3,8
"Stephan Pilsinger, MdB",@StephPilsinger,2017-07-06T15:35:02.000Z,"Heute wirtschaftspolitisches Mittagsgespräch gehabt mit 
@jensspahn
, dem ersten Empfänger des frisch gebrauten #PilsingerPils",3,1,6
"Stephan Pilsinger, MdB",@StephPilsinger,2017-07-01T17:52:07.000Z,Gauweiler war da! #BayernZuerst #MünchenZuallererst http://stephan-pilsinger.de/vordenker-urgestein-kritischer-geist-kundgebung-zusammen-mit-peter-gauweiler/…,,,
"Stephan Pilsinger, MdB",@StephPilsinger,2017-06-28T17:43:04.000Z,Jetzt bei uns im Augustinerkeller: Dr. Peter Gauweiler spricht zu #BayernZuerst #GesundePolitik,1,1,1
Ulrich Deppendorf,@DeppendorfU,2017-06-25T13:14:58.000Z,"""Anschlag auf die Demokratie"", in Bezug auf Merkel -ein solcher Satz ist eines SPD Kanzlerkandidaten nicht würdig.",135,345,864
"Stephan Pilsinger, MdB",@StephPilsinger,2017-06-15T18:53:14.000Z,"Mein Besuch beim ambulanten Hospizdienst ""DaSein e.V."": http://stephan-pilsinger.de/den-tagen-mehr-leben-geben-sprechstunde-beim-hospizdienst-dasein-e-v/…",,,1
"Stephan Pilsinger, MdB",@StephPilsinger,2017-06-07T17:04:36.000Z,"Darum ging es bei #PilsingersSprechstunde mit Dietmar Holzapfel:Potenzial der Dachböden nutzen
Pragmatische Ideen für Wohnraum im ""Ausgehviertel"" gefragt · Glockenbach- und Gärtnerplatzviertel sind beliebte „Szeneviertel. Sie gelten als der Teil der Stadt mit der dichtesten Wohnbesiedlung....
wochenanzeiger-muenchen.de",,,
"Stephan Pilsinger, MdB",@StephPilsinger,2017-06-01T10:07:27.000Z,"#BayernZuerst. Eine Debatte, die mich sehr erheitert.  http://stephan-pilsinger.de/fakten-zu-bayern-zuerst-eine-debatte-die-mich-sehr-erheitert/…",1,,
Paul-Bernhard Wagner,@PaBeWa,2017-05-07T16:09:35.000Z,Ruft doch mal Martin! #ltwsh17 #schulzdefekt,1,8,34
Hans Reichhart,@HReichhart,2017-05-06T10:53:11.000Z,"Wer Joachim #Herrmann hört, weiß, dass die 
@CSU
 einen klaren Kompass in der Bundestagswahl hat. Personell und inhaltlich stark!",1,6,29
"Stephan Pilsinger, MdB",@StephPilsinger,2017-04-28T14:27:05.000Z,".
@JusosBayern
 auf großer Fahrt: Marx muss mit... #NichtsDazugelernt ? #FreiheitStattSozialismus !",1,,2
"Stephan Pilsinger, MdB",@StephPilsinger,2017-04-08T13:39:54.000Z,Jetzt bei meiner Kampagne #MünchnerGärtenRetten unterzeichnen!Wir sind gegen Nachverdichtung d.Bebauung in München! https://openpetition.de/petition/online/muenchner-gaerten-retten-nachverdichtung-verhindern…,,1,1
"Stephan Pilsinger, MdB",@StephPilsinger,2017-03-31T18:56:46.000Z,Super spannend war das Gespräch mit Fürstin Gloria und Prälat Imkamp im Backstage.,,,1
"Stephan Pilsinger, MdB",@StephPilsinger,2017-03-31T17:29:23.000Z,Jetzt live im Backstage in München: Fürstin Gloria von Thurn und Taxis und Prälat Wilhelm Imkamp!,1,,1
JU Deutschlands,@Junge_Union,2017-03-26T16:18:55.000Z,Kein Kommentar. #ltwsaar2017 #btw17,51,242,434
CSU,@CSU,2017-03-15T10:46:02.000Z,Für die CSU gilt: Kein EU-Beitritt der #Türkei!,16,17,90
"Stephan Pilsinger, MdB",@StephPilsinger,2017-03-15T15:42:54.000Z,"Mein Interview zum Thema #Christenverfolgung und über 
@OpenDoorsDE
 auf Radio Horeb: http://stephan-pilsinger.de/mein-interview-mit-radio-horeb-zur-christenverfolgung/…",,,3
"Stephan Pilsinger, MdB",@StephPilsinger,2017-03-11T14:18:15.000Z,"Hab mich b.Verein""Südl. Bahnhofsviertel""über dieses http://informiert.Fun fact:60% d.Münchn.Hotelbetten stehn hier http://stephan-pilsinger.de/pilsingers-sprechstunde-ueber-verein-suedliches-bahnhofsviertel-informiert/…",1,,
CSU,@CSU,2017-03-10T10:53:05.000Z,"Replying to 
@SchulzEntgleistJetzt im SPD-Shop! Falls der #Schulzzug mal wieder nicht ins Rollen kommt... #HoheEnergie",3,18,34
"Stephan Pilsinger, MdB",@StephPilsinger,2017-02-28T20:21:32.000Z,"Replying to 
@Kevbear10.@KevinAlpha100 schön, wenn meine Werbemitteln auch bei Grünen laufen. Allerdings:In der Dose ist Secco Bianco u. d. geht an und ",1,2,4
"Stephan Pilsinger, MdB",@StephPilsinger,2017-02-06T22:28:30.000Z,Freue mich über meine  Wiederwahl als CSU-Ortsvorsitzender in Obermenzing! Danke für das Vertrauen! #GesundePolitik,,1,2
"Stephan Pilsinger, MdB",@StephPilsinger,2017-02-02T15:15:13.000Z,Gestern war ich bei der Münchener Akademiker Plattform - starke Truppe und wichtiger Beitrag für gutes Miteinander: http://stephan-pilsinger.de/muenchner-akademiker-plattform-ist-beitrag-fuer-gutes-gesellschaftliches-miteinander/…,,,
"Stephan Pilsinger, MdB",@StephPilsinger,2017-01-26T23:17:40.000Z,"Edmund Stoiber war bei der 
@jumuenchen
 http://stephan-pilsinger.de/ju-neujahrsempfang-volles-haus-bei-edmund-stoiber/…",,,
"Stephan Pilsinger, MdB",@StephPilsinger,2017-01-23T22:52:56.000Z,"Morgen kommt Edmund Stoiber zu uns! #GesundePolitik   Mehr dazu hier:Junge Union München
unionlive.de",,,
"Stephan Pilsinger, MdB",@StephPilsinger,2017-01-20T12:23:06.000Z,Toller Neujahrsempfang d.CSU http://Allach-Untermenzing.Mit klaren Ansagen sind wir in d.Wahljahr gestartet #GesundePolitik http://stephan-pilsinger.de/neujahrsempfang-der-csu-allach-untermenzing-mit-buergermeister-josef-schmid…,,,1
axel wallrabenstein,@walli5,2017-01-16T11:57:18.000Z,Hat sich #Berlin schon bei den #Bayern bedankt... Bayern zahlt Rekordsumme - http://handelsblatt.com/19254112.html?share=twitter…,2,3,5
"Stephan Pilsinger, MdB",@StephPilsinger,2017-01-16T18:22:56.000Z,"Habe heute meine Reihe ""Pilsingers #Sprechstunde"" gestartet - mit dem Besuch des Kloster des Heiligen Hiob in Obermenzing #GesundePolitik",,,1
"Stephan Pilsinger, MdB",@StephPilsinger,2017-01-14T22:30:01.000Z,Treu #Kolping! Ich war auf dem Neujahrsempfang der Kolpingfamilie Pasing im Pfarrheim Maria Schutz. #gesundePolitik,,,1
"Stephan Pilsinger, MdB",@StephPilsinger,2017-01-14T13:47:25.000Z,"Replying to 
@Teresa_ohne_h.
@Teresa_ohne_h
 Danke!!!",,,
"Stephan Pilsinger, MdB",@StephPilsinger,2017-01-14T12:58:54.000Z,"Danke, Follower Nr.1: 
@Teresa_ohne_h
  ;)",1,,1
Karl Lauterbach,@Karl_Lauterbach,2017-01-14T12:32:44.000Z,"Replying to 
@jensspahnJetzt ist mal ein fettes Lob fällig. Auch das muss mal gehen. ",,2,8
Jens Spahn,@jensspahn,2017-01-14T11:56:25.000Z,Habe zum Jahreswechsel Projekt für HIV-infizierte Kinder in Südafrika besucht. Eindrucks-voll. Spendet wie ich unter http://hopecapetown.com,2,12,33
"Stephan Pilsinger, MdB",@StephPilsinger,2017-01-13T17:19:57.000Z,Meine neue Website: http://stephan-Pilsinger.de,,,
CSU-Landtagsfraktion,@csu_lt,2017-01-13T12:19:10.000Z,"""Platzhirsch und Global Player – Bayerns #Wirtschaft bleibt spitze"". Programm und Gäste der Klausur auf http://csu-landtag.de #CSU #ltby",3,8,15
Jens Spahn,@jensspahn,2017-01-12T12:24:05.000Z,"Unser Triple: wir investieren so viel wie lange nicht, senken zum 1.1.16 und '17 die Steuern + haben einen Haushalt mit Überschuss 
@BMG_Bund",12,13,30
JU München,@jumuenchen,2017-01-07T14:31:24.000Z,"Seit 8.00 Uhr in der Früh sind sie unterwegs, um Euren Christbaum abzuholen. Unsere Kreisverbände West, Nordwest,... http://fb.me/1DrfEU0Kz",,1,
"Stephan Pilsinger, MdB",@StephPilsinger,2017-01-13T14:41:37.000Z,Unglaublich ärgerlich! Bei der Schuldentilgung geht es um die Zukunft der jungen Generation/ ich sage: Tilgen!  https://google.de/amp/www.spiegel.de/wirtschaft/soziales/wolfgang-schaeuble-lehnt-steuer-entlastung-der-buerger-ab-a-1129657-amp.html?client=safari…,,,
